name,address,phone,website,emails
"Wood Box Digital Media Pvt. Ltd. | Creative Digital Marketing, Website Designing Development & SEO Services Company in Mohali","E-325 Ground Floor, Industrial Area, Sector 75, Sahibzada Ajit Singh Nagar, Punjab 140307",087448 55000,N/A,N/A
Amrit Web (OPC) Pvt Ltd | Best Digital Marketing Company in Mohali,"4th Floor, Miran Tower, E-331, Phase 8B, Industrial Area, Sector 74, Sahibzada Ajit Singh Nagar, Punjab 140307",097796 58581,N/A,N/A
"Viwork Digital: Best SEO, Social Media & Marketing Company in Mohali","Cabin no 5, 3rd floor, F-88, Phase 7, Industrial Area, Sector 74, Sahibzada Ajit Singh Nagar, Punjab 160055",097791 96156,N/A,N/A
"Leading Edge Info Solutions - Best Digital Marketing, SEO, PPC Agency in Mohali, India","Ground Floor, E-221, Phase 8B, Industrial Area, Sector 74, Sahibzada Ajit Singh Nagar, Punjab 160071",078377 77045,N/A,N/A
YouNedia - Best Digital Marketing Agency in Mohali | Social Media Marketing | Best SEO services,"First Floor, Cloud View 75, Plot Number E-272, Industrial Area, Sector 75, Sahibzada Ajit Singh Nagar, Punjab 140307",093686 97783,N/A,N/A
SocioHype Studio - Branding & Marketing Agency In Mohali,"First Floor, Cloud View 75, Plot Number E-272, Industrial Area, Sector 75, Sahibzada Ajit Singh Nagar, Punjab 140307",093686 97783,N/A,N/A
Digital Marketing Agency in Mohali - Digital Prerna,"E-304, Ground Floor, GSPL Tower, Industrial Area, Sector 75, Sahibzada Ajit Singh Nagar, Punjab 140307",088007 55316,N/A,N/A
"HMV Technologies | Digital Marketing & Web Development in Chandigarh, Mohali & Panchkula","3RD Floor, NP Tower, F 464, Phase 8B, Sector 74, Sahibzada Ajit Singh Nagar, Punjab 140307",090560 55400,N/A,N/A
Social Watch,"2nd Floor, Plot No. F-334, Phase 8B, Industrial Area, Sector 74, Sahibzada Ajit Singh Nagar, Punjab 140307",078888 62176,N/A,N/A
